{"cameraMode":{"drawMode":0,"name":"Shaded","section":"Shading Mode"},"sceneLighting":true,"audioPlay":false,"sceneViewState":{"showFog":true,"showMaterialUpdate":false,"showSkybox":true,"showFlares":true,"showImageEffects":true,"showParticleSystems":true},"in2DMode":false,"pivot":{"x":9.73459529876709,"y":-1.1646614074707032,"z":33.089263916015628},"rotation":{"x":0.04030751436948776,"y":-0.9450203776359558,"z":0.2985501289367676,"w":0.12749804556369782},"size":44.60599136352539,"orthographic":false}